Country,year,hdi,region
Afghanistan,1980,0.230,
Afghanistan,1985,0.271,
Afghanistan,1990,0.296,
Afghanistan,2000,0.341,
Afghanistan,2005,0.396,
Afghanistan,2006,0.406,
Afghanistan,2007,0.416,
Afghanistan,2008,0.430,
Afghanistan,2009,0.437,
Afghanistan,2010,0.453,
Afghanistan,2011,0.458,
Afghanistan,2012,0.466,
Afghanistan,2013,0.468,
Albania,1980,0.603,
Albania,1985,0.602,
Albania,1990,0.609,
Albania,2000,0.655,
Albania,2005,0.689,
Albania,2006,0.694,
Albania,2007,0.699,
Albania,2008,0.703,
Albania,2009,0.705,
Albania,2010,0.708,
Albania,2011,0.714,
Albania,2012,0.714,
Albania,2013,0.716,
Algeria,1980,0.509,
Algeria,1985,0.551,
Algeria,1990,0.576,
Algeria,2000,0.634,
Algeria,2005,0.675,
Algeria,2006,0.680,
Algeria,2007,0.686,
Algeria,2008,0.695,
Algeria,2009,0.703,
Algeria,2010,0.709,
Algeria,2011,0.715,
Algeria,2012,0.715,
Algeria,2013,0.717,
Andorra,1980,NA,
Andorra,1985,NA,
Andorra,1990,NA,
Andorra,2000,NA,
Andorra,2005,NA,
Andorra,2006,NA,
Andorra,2007,NA,
Andorra,2008,NA,
Andorra,2009,NA,
Andorra,2010,0.832,
Andorra,2011,0.831,
Andorra,2012,0.830,
Andorra,2013,0.830,
Angola,1980,NA,
Angola,1985,NA,
Angola,1990,NA,
Angola,2000,0.377,
Angola,2005,0.446,
Angola,2006,0.465,
Angola,2007,0.478,
Angola,2008,0.490,
Angola,2009,0.491,
Angola,2010,0.504,
Angola,2011,0.521,
Angola,2012,0.524,
Angola,2013,0.526,
Antigua and Barbuda,1980,NA,1
Antigua and Barbuda,1985,NA,1
Antigua and Barbuda,1990,NA,1
Antigua and Barbuda,2000,NA,1
Antigua and Barbuda,2005,NA,1
Antigua and Barbuda,2006,NA,1
Antigua and Barbuda,2007,NA,1
Antigua and Barbuda,2008,NA,1
Antigua and Barbuda,2009,NA,1
Antigua and Barbuda,2010,0.778,1
Antigua and Barbuda,2011,0.772,1
Antigua and Barbuda,2012,0.773,1
Antigua and Barbuda,2013,0.774,1
Argentina,1980,0.665,1
Argentina,1985,0.688,1
Argentina,1990,0.694,1
Argentina,2000,0.753,1
Argentina,2005,0.758,1
Argentina,2006,0.766,1
Argentina,2007,0.771,1
Argentina,2008,0.777,1
Argentina,2009,0.789,1
Argentina,2010,0.799,1
Argentina,2011,0.804,1
Argentina,2012,0.806,1
Argentina,2013,0.808,1
Armenia,1980,NA,
Armenia,1985,NA,
Armenia,1990,0.632,
Armenia,2000,0.648,
Armenia,2005,0.693,
Armenia,2006,0.707,
Armenia,2007,0.721,
Armenia,2008,0.722,
Armenia,2009,0.717,
Armenia,2010,0.720,
Armenia,2011,0.724,
Armenia,2012,0.728,
Armenia,2013,0.730,
Australia,1980,0.841,
Australia,1985,0.853,
Australia,1990,0.866,
Australia,2000,0.898,
Australia,2005,0.912,
Australia,2006,0.915,
Australia,2007,0.918,
Australia,2008,0.922,
Australia,2009,0.924,
Australia,2010,0.926,
Australia,2011,0.928,
Australia,2012,0.931,
Australia,2013,0.933,
Austria,1980,0.736,
Austria,1985,0.754,
Austria,1990,0.786,
Austria,2000,0.835,
Austria,2005,0.851,
Austria,2006,0.857,
Austria,2007,0.861,
Austria,2008,0.868,
Austria,2009,0.870,
Austria,2010,0.877,
Austria,2011,0.879,
Austria,2012,0.880,
Austria,2013,0.881,
Azerbaijan,1980,NA,
Azerbaijan,1985,NA,
Azerbaijan,1990,NA,
Azerbaijan,2000,0.639,
Azerbaijan,2005,0.686,
Azerbaijan,2006,0.703,
Azerbaijan,2007,0.715,
Azerbaijan,2008,0.724,
Azerbaijan,2009,0.736,
Azerbaijan,2010,0.743,
Azerbaijan,2011,0.743,
Azerbaijan,2012,0.745,
Azerbaijan,2013,0.747,
Bahamas,1980,NA,1
Bahamas,1985,NA,1
Bahamas,1990,NA,1
Bahamas,2000,0.766,1
Bahamas,2005,0.787,1
Bahamas,2006,0.789,1
Bahamas,2007,0.791,1
Bahamas,2008,0.791,1
Bahamas,2009,0.788,1
Bahamas,2010,0.788,1
Bahamas,2011,0.789,1
Bahamas,2012,0.788,1
Bahamas,2013,0.789,1
Bahrain,1980,0.677,
Bahrain,1985,0.718,
Bahrain,1990,0.729,
Bahrain,2000,0.784,
Bahrain,2005,0.811,
Bahrain,2006,0.808,
Bahrain,2007,0.809,
Bahrain,2008,0.810,
Bahrain,2009,0.811,
Bahrain,2010,0.812,
Bahrain,2011,0.812,
Bahrain,2012,0.813,
Bahrain,2013,0.815,
Bangladesh,1980,0.336,
Bangladesh,1985,0.357,
Bangladesh,1990,0.382,
Bangladesh,2000,0.453,
Bangladesh,2005,0.494,
Bangladesh,2006,0.502,
Bangladesh,2007,0.510,
Bangladesh,2008,0.515,
Bangladesh,2009,0.527,
Bangladesh,2010,0.539,
Bangladesh,2011,0.549,
Bangladesh,2012,0.554,
Bangladesh,2013,0.558,
Barbados,1980,0.658,1
Barbados,1985,0.688,1
Barbados,1990,0.706,1
Barbados,2000,0.745,1
Barbados,2005,0.761,1
Barbados,2006,0.764,1
Barbados,2007,0.771,1
Barbados,2008,0.776,1
Barbados,2009,0.782,1
Barbados,2010,0.779,1
Barbados,2011,0.780,1
Barbados,2012,0.776,1
Barbados,2013,0.776,1
Belarus,1980,NA,
Belarus,1985,NA,
Belarus,1990,NA,
Belarus,2000,NA,
Belarus,2005,0.725,
Belarus,2006,0.738,
Belarus,2007,0.751,
Belarus,2008,0.764,
Belarus,2009,0.775,
Belarus,2010,0.779,
Belarus,2011,0.784,
Belarus,2012,0.785,
Belarus,2013,0.786,
Belgium,1980,0.753,
Belgium,1985,0.773,
Belgium,1990,0.805,
Belgium,2000,0.873,
Belgium,2005,0.865,
Belgium,2006,0.868,
Belgium,2007,0.871,
Belgium,2008,0.873,
Belgium,2009,0.873,
Belgium,2010,0.877,
Belgium,2011,0.880,
Belgium,2012,0.880,
Belgium,2013,0.881,
Belize,1980,0.619,1
Belize,1985,0.620,1
Belize,1990,0.640,1
Belize,2000,0.675,1
Belize,2005,0.710,1
Belize,2006,0.708,1
Belize,2007,0.707,1
Belize,2008,0.710,1
Belize,2009,0.712,1
Belize,2010,0.714,1
Belize,2011,0.717,1
Belize,2012,0.731,1
Belize,2013,0.732,1
Benin,1980,0.287,
Benin,1985,0.323,
Benin,1990,0.342,
Benin,2000,0.391,
Benin,2005,0.432,
Benin,2006,0.439,
Benin,2007,0.446,
Benin,2008,0.454,
Benin,2009,0.461,
Benin,2010,0.467,
Benin,2011,0.471,
Benin,2012,0.473,
Benin,2013,0.476,
Bhutan,1980,NA,
Bhutan,1985,NA,
Bhutan,1990,NA,
Bhutan,2000,NA,
Bhutan,2005,NA,
Bhutan,2006,NA,
Bhutan,2007,NA,
Bhutan,2008,NA,
Bhutan,2009,NA,
Bhutan,2010,0.569,
Bhutan,2011,0.579,
Bhutan,2012,0.580,
Bhutan,2013,0.584,
Bolivia,1980,0.494,1
Bolivia,1985,0.510,1
Bolivia,1990,0.554,1
Bolivia,2000,0.615,1
Bolivia,2005,0.636,1
Bolivia,2006,0.640,1
Bolivia,2007,0.643,1
Bolivia,2008,0.649,1
Bolivia,2009,0.653,1
Bolivia,2010,0.658,1
Bolivia,2011,0.661,1
Bolivia,2012,0.663,1
Bolivia,2013,0.667,1
Bosnia and Herzegovina,1980,NA,
Bosnia and Herzegovina,1985,NA,
Bosnia and Herzegovina,1990,NA,
Bosnia and Herzegovina,2000,NA,
Bosnia and Herzegovina,2005,0.716,
Bosnia and Herzegovina,2006,0.719,
Bosnia and Herzegovina,2007,0.722,
Bosnia and Herzegovina,2008,0.727,
Bosnia and Herzegovina,2009,0.725,
Bosnia and Herzegovina,2010,0.726,
Bosnia and Herzegovina,2011,0.729,
Bosnia and Herzegovina,2012,0.729,
Bosnia and Herzegovina,2013,0.731,
Botswana,1980,0.470,
Botswana,1985,0.528,
Botswana,1990,0.583,
Botswana,2000,0.560,
Botswana,2005,0.610,
Botswana,2006,0.625,
Botswana,2007,0.643,
Botswana,2008,0.656,
Botswana,2009,0.662,
Botswana,2010,0.672,
Botswana,2011,0.678,
Botswana,2012,0.681,
Botswana,2013,0.683,
Brazil,1980,0.545,1
Brazil,1985,0.575,1
Brazil,1990,0.612,1
Brazil,2000,0.682,1
Brazil,2005,0.705,1
Brazil,2006,0.713,1
Brazil,2007,0.721,1
Brazil,2008,0.731,1
Brazil,2009,0.732,1
Brazil,2010,0.739,1
Brazil,2011,0.740,1
Brazil,2012,0.742,1
Brazil,2013,0.744,1
Brunei Darussalam,1980,0.740,
Brunei Darussalam,1985,0.757,
Brunei Darussalam,1990,0.786,
Brunei Darussalam,2000,0.822,
Brunei Darussalam,2005,0.838,
Brunei Darussalam,2006,0.843,
Brunei Darussalam,2007,0.844,
Brunei Darussalam,2008,0.843,
Brunei Darussalam,2009,0.844,
Brunei Darussalam,2010,0.844,
Brunei Darussalam,2011,0.846,
Brunei Darussalam,2012,0.852,
Brunei Darussalam,2013,0.852,
Bulgaria,1980,0.658,
Bulgaria,1985,0.679,
Bulgaria,1990,0.696,
Bulgaria,2000,0.714,
Bulgaria,2005,0.749,
Bulgaria,2006,0.753,
Bulgaria,2007,0.759,
Bulgaria,2008,0.766,
Bulgaria,2009,0.767,
Bulgaria,2010,0.773,
Bulgaria,2011,0.774,
Bulgaria,2012,0.776,
Bulgaria,2013,0.777,
Burkina Faso,1980,NA,
Burkina Faso,1985,NA,
Burkina Faso,1990,NA,
Burkina Faso,2000,NA,
Burkina Faso,2005,0.321,
Burkina Faso,2006,0.328,
Burkina Faso,2007,0.338,
Burkina Faso,2008,0.349,
Burkina Faso,2009,0.357,
Burkina Faso,2010,0.367,
Burkina Faso,2011,0.376,
Burkina Faso,2012,0.385,
Burkina Faso,2013,0.388,
Burundi,1980,0.230,
Burundi,1985,0.270,
Burundi,1990,0.291,
Burundi,2000,0.290,
Burundi,2005,0.319,
Burundi,2006,0.339,
Burundi,2007,0.350,
Burundi,2008,0.362,
Burundi,2009,0.372,
Burundi,2010,0.381,
Burundi,2011,0.384,
Burundi,2012,0.386,
Burundi,2013,0.389,
Cambodia,1980,0.251,
Cambodia,1985,0.379,
Cambodia,1990,0.403,
Cambodia,2000,0.466,
Cambodia,2005,0.536,
Cambodia,2006,0.547,
Cambodia,2007,0.558,
Cambodia,2008,0.564,
Cambodia,2009,0.566,
Cambodia,2010,0.571,
Cambodia,2011,0.575,
Cambodia,2012,0.579,
Cambodia,2013,0.584,
Cameroon,1980,0.391,
Cameroon,1985,0.422,
Cameroon,1990,0.440,
Cameroon,2000,0.433,
Cameroon,2005,0.457,
Cameroon,2006,0.459,
Cameroon,2007,0.468,
Cameroon,2008,0.477,
Cameroon,2009,0.485,
Cameroon,2010,0.493,
Cameroon,2011,0.498,
Cameroon,2012,0.501,
Cameroon,2013,0.504,
Canada,1980,0.809,
Canada,1985,0.822,
Canada,1990,0.848,
Canada,2000,0.867,
Canada,2005,0.892,
Canada,2006,0.894,
Canada,2007,0.895,
Canada,2008,0.896,
Canada,2009,0.894,
Canada,2010,0.896,
Canada,2011,0.900,
Canada,2012,0.901,
Canada,2013,0.902,
Cape Verde,1980,NA,
Cape Verde,1985,NA,
Cape Verde,1990,NA,
Cape Verde,2000,0.573,
Cape Verde,2005,0.589,
Cape Verde,2006,0.602,
Cape Verde,2007,0.607,
Cape Verde,2008,0.613,
Cape Verde,2009,0.617,
Cape Verde,2010,0.622,
Cape Verde,2011,0.631,
Cape Verde,2012,0.635,
Cape Verde,2013,0.636,
Central African Republic,1980,0.295,
Central African Republic,1985,0.310,
Central African Republic,1990,0.310,
Central African Republic,2000,0.314,
Central African Republic,2005,0.327,
Central African Republic,2006,0.332,
Central African Republic,2007,0.338,
Central African Republic,2008,0.344,
Central African Republic,2009,0.349,
Central African Republic,2010,0.355,
Central African Republic,2011,0.361,
Central African Republic,2012,0.365,
Central African Republic,2013,0.341,
Chad,1980,NA,
Chad,1985,NA,
Chad,1990,NA,
Chad,2000,0.301,
Chad,2005,0.324,
Chad,2006,0.325,
Chad,2007,0.331,
Chad,2008,0.338,
Chad,2009,0.343,
Chad,2010,0.349,
Chad,2011,0.365,
Chad,2012,0.370,
Chad,2013,0.372,
Chile,1980,0.640,1
Chile,1985,0.664,1
Chile,1990,0.704,1
Chile,2000,0.753,1
Chile,2005,0.785,1
Chile,2006,0.784,1
Chile,2007,0.792,1
Chile,2008,0.805,1
Chile,2009,0.804,1
Chile,2010,0.808,1
Chile,2011,0.815,1
Chile,2012,0.819,1
Chile,2013,0.822,1
China,1980,0.423,
China,1985,0.457,
China,1990,0.502,
China,2000,0.591,
China,2005,0.645,
China,2006,0.657,
China,2007,0.671,
China,2008,0.682,
China,2009,0.693,
China,2010,0.701,
China,2011,0.710,
China,2012,0.715,
China,2013,0.719,
Colombia,1980,0.557,1
Colombia,1985,0.574,1
Colombia,1990,0.596,1
Colombia,2000,0.655,1
Colombia,2005,0.680,1
Colombia,2006,0.685,1
Colombia,2007,0.693,1
Colombia,2008,0.700,1
Colombia,2009,0.703,1
Colombia,2010,0.706,1
Colombia,2011,0.710,1
Colombia,2012,0.708,1
Colombia,2013,0.711,1
Comoros,1980,NA,
Comoros,1985,NA,
Comoros,1990,NA,
Comoros,2000,NA,
Comoros,2005,0.464,
Comoros,2006,0.468,
Comoros,2007,0.471,
Comoros,2008,0.474,
Comoros,2009,0.476,
Comoros,2010,0.479,
Comoros,2011,0.483,
Comoros,2012,0.486,
Comoros,2013,0.488,
Congo,1980,0.542,
Congo,1985,0.576,
Congo,1990,0.553,
Congo,2000,0.501,
Congo,2005,0.525,
Congo,2006,0.535,
Congo,2007,0.535,
Congo,2008,0.548,
Congo,2009,0.559,
Congo,2010,0.565,
Congo,2011,0.549,
Congo,2012,0.561,
Congo,2013,0.564,
Congo (Democratic Republic of the),1980,0.336,
Congo (Democratic Republic of the),1985,0.348,
Congo (Democratic Republic of the),1990,0.319,
Congo (Democratic Republic of the),2000,0.274,
Congo (Democratic Republic of the),2005,0.292,
Congo (Democratic Republic of the),2006,0.297,
Congo (Democratic Republic of the),2007,0.301,
Congo (Democratic Republic of the),2008,0.307,
Congo (Democratic Republic of the),2009,0.313,
Congo (Democratic Republic of the),2010,0.319,
Congo (Democratic Republic of the),2011,0.323,
Congo (Democratic Republic of the),2012,0.333,
Congo (Democratic Republic of the),2013,0.338,
Costa Rica,1980,0.605,1
Costa Rica,1985,0.624,1
Costa Rica,1990,0.652,1
Costa Rica,2000,0.705,1
Costa Rica,2005,0.721,1
Costa Rica,2006,0.729,1
Costa Rica,2007,0.735,1
Costa Rica,2008,0.744,1
Costa Rica,2009,0.746,1
Costa Rica,2010,0.750,1
Costa Rica,2011,0.758,1
Costa Rica,2012,0.761,1
Costa Rica,2013,0.763,1
Côte d'Ivoire,1980,0.377,
Côte d'Ivoire,1985,0.378,
Côte d'Ivoire,1990,0.380,
Côte d'Ivoire,2000,0.393,
Côte d'Ivoire,2005,0.407,
Côte d'Ivoire,2006,0.414,
Côte d'Ivoire,2007,0.422,
Côte d'Ivoire,2008,0.427,
Côte d'Ivoire,2009,0.433,
Côte d'Ivoire,2010,0.439,
Côte d'Ivoire,2011,0.443,
Côte d'Ivoire,2012,0.448,
Côte d'Ivoire,2013,0.452,
Croatia,1980,NA,
Croatia,1985,NA,
Croatia,1990,0.689,
Croatia,2000,0.748,
Croatia,2005,0.781,
Croatia,2006,0.788,
Croatia,2007,0.796,
Croatia,2008,0.801,
Croatia,2009,0.800,
Croatia,2010,0.806,
Croatia,2011,0.812,
Croatia,2012,0.812,
Croatia,2013,0.812,
Cuba,1980,0.681,1
Cuba,1985,0.714,1
Cuba,1990,0.729,1
Cuba,2000,0.742,1
Cuba,2005,0.786,1
Cuba,2006,0.806,1
Cuba,2007,0.822,1
Cuba,2008,0.830,1
Cuba,2009,0.832,1
Cuba,2010,0.824,1
Cuba,2011,0.819,1
Cuba,2012,0.813,1
Cuba,2013,0.815,1
Cyprus,1980,0.661,
Cyprus,1985,0.696,
Cyprus,1990,0.726,
Cyprus,2000,0.800,
Cyprus,2005,0.828,
Cyprus,2006,0.832,
Cyprus,2007,0.838,
Cyprus,2008,0.844,
Cyprus,2009,0.852,
Cyprus,2010,0.848,
Cyprus,2011,0.850,
Cyprus,2012,0.848,
Cyprus,2013,0.845,
Czech Republic,1980,NA,
Czech Republic,1985,NA,
Czech Republic,1990,0.762,
Czech Republic,2000,0.806,
Czech Republic,2005,0.845,
Czech Republic,2006,0.848,
Czech Republic,2007,0.853,
Czech Republic,2008,0.856,
Czech Republic,2009,0.856,
Czech Republic,2010,0.858,
Czech Republic,2011,0.861,
Czech Republic,2012,0.861,
Czech Republic,2013,0.861,
Denmark,1980,0.781,
Denmark,1985,0.797,
Denmark,1990,0.806,
Denmark,2000,0.859,
Denmark,2005,0.891,
Denmark,2006,0.893,
Denmark,2007,0.895,
Denmark,2008,0.896,
Denmark,2009,0.895,
Denmark,2010,0.898,
Denmark,2011,0.899,
Denmark,2012,0.900,
Denmark,2013,0.900,
Djibouti,1980,NA,
Djibouti,1985,NA,
Djibouti,1990,NA,
Djibouti,2000,NA,
Djibouti,2005,0.412,
Djibouti,2006,0.417,
Djibouti,2007,0.428,
Djibouti,2008,0.438,
Djibouti,2009,0.444,
Djibouti,2010,0.452,
Djibouti,2011,0.461,
Djibouti,2012,0.465,
Djibouti,2013,0.467,
Dominica,1980,NA,1
Dominica,1985,NA,1
Dominica,1990,NA,1
Dominica,2000,0.691,1
Dominica,2005,0.708,1
Dominica,2006,0.708,1
Dominica,2007,0.712,1
Dominica,2008,0.712,1
Dominica,2009,0.717,1
Dominica,2010,0.717,1
Dominica,2011,0.718,1
Dominica,2012,0.716,1
Dominica,2013,0.717,1
Dominican Republic,1980,0.527,1
Dominican Republic,1985,0.563,1
Dominican Republic,1990,0.589,1
Dominican Republic,2000,0.645,1
Dominican Republic,2005,0.668,1
Dominican Republic,2006,0.675,1
Dominican Republic,2007,0.681,1
Dominican Republic,2008,0.684,1
Dominican Republic,2009,0.686,1
Dominican Republic,2010,0.691,1
Dominican Republic,2011,0.695,1
Dominican Republic,2012,0.698,1
Dominican Republic,2013,0.700,1
Ecuador,1980,0.605,1
Ecuador,1985,0.627,1
Ecuador,1990,0.643,1
Ecuador,2000,0.658,1
Ecuador,2005,0.687,1
Ecuador,2006,0.690,1
Ecuador,2007,0.692,1
Ecuador,2008,0.697,1
Ecuador,2009,0.698,1
Ecuador,2010,0.701,1
Ecuador,2011,0.705,1
Ecuador,2012,0.708,1
Ecuador,2013,0.711,1
Egypt,1980,0.452,
Egypt,1985,0.501,
Egypt,1990,0.546,
Egypt,2000,0.621,
Egypt,2005,0.645,
Egypt,2006,0.652,
Egypt,2007,0.659,
Egypt,2008,0.667,
Egypt,2009,0.672,
Egypt,2010,0.678,
Egypt,2011,0.679,
Egypt,2012,0.681,
Egypt,2013,0.682,
El Salvador,1980,0.517,1
El Salvador,1985,0.524,1
El Salvador,1990,0.529,1
El Salvador,2000,0.607,1
El Salvador,2005,0.640,1
El Salvador,2006,0.644,1
El Salvador,2007,0.646,1
El Salvador,2008,0.648,1
El Salvador,2009,0.649,1
El Salvador,2010,0.652,1
El Salvador,2011,0.657,1
El Salvador,2012,0.660,1
El Salvador,2013,0.662,1
Equatorial Guinea,1980,NA,
Equatorial Guinea,1985,NA,
Equatorial Guinea,1990,NA,
Equatorial Guinea,2000,0.476,
Equatorial Guinea,2005,0.517,
Equatorial Guinea,2006,0.528,
Equatorial Guinea,2007,0.533,
Equatorial Guinea,2008,0.543,
Equatorial Guinea,2009,0.543,
Equatorial Guinea,2010,0.559,
Equatorial Guinea,2011,0.553,
Equatorial Guinea,2012,0.556,
Equatorial Guinea,2013,0.556,
Eritrea,1980,NA,
Eritrea,1985,NA,
Eritrea,1990,NA,
Eritrea,2000,NA,
Eritrea,2005,NA,
Eritrea,2006,NA,
Eritrea,2007,NA,
Eritrea,2008,NA,
Eritrea,2009,NA,
Eritrea,2010,0.373,
Eritrea,2011,0.377,
Eritrea,2012,0.380,
Eritrea,2013,0.381,
Estonia,1980,NA,
Estonia,1985,NA,
Estonia,1990,0.730,
Estonia,2000,0.776,
Estonia,2005,0.821,
Estonia,2006,0.827,
Estonia,2007,0.832,
Estonia,2008,0.832,
Estonia,2009,0.827,
Estonia,2010,0.830,
Estonia,2011,0.836,
Estonia,2012,0.839,
Estonia,2013,0.840,
Ethiopia,1980,NA,
Ethiopia,1985,NA,
Ethiopia,1990,NA,
Ethiopia,2000,0.284,
Ethiopia,2005,0.339,
Ethiopia,2006,0.356,
Ethiopia,2007,0.378,
Ethiopia,2008,0.394,
Ethiopia,2009,0.403,
Ethiopia,2010,0.409,
Ethiopia,2011,0.422,
Ethiopia,2012,0.429,
Ethiopia,2013,0.435,
Fiji,1980,0.587,
Fiji,1985,0.598,
Fiji,1990,0.619,
Fiji,2000,0.674,
Fiji,2005,0.694,
Fiji,2006,0.704,
Fiji,2007,0.707,
Fiji,2008,0.712,
Fiji,2009,0.717,
Fiji,2010,0.721,
Fiji,2011,0.722,
Fiji,2012,0.722,
Fiji,2013,0.724,
Finland,1980,0.752,
Finland,1985,0.771,
Finland,1990,0.792,
Finland,2000,0.841,
Finland,2005,0.869,
Finland,2006,0.874,
Finland,2007,0.877,
Finland,2008,0.878,
Finland,2009,0.873,
Finland,2010,0.877,
Finland,2011,0.879,
Finland,2012,0.879,
Finland,2013,0.879,
France,1980,0.722,
France,1985,0.741,
France,1990,0.779,
France,2000,0.848,
France,2005,0.867,
France,2006,0.870,
France,2007,0.873,
France,2008,0.875,
France,2009,0.876,
France,2010,0.879,
France,2011,0.882,
France,2012,0.884,
France,2013,0.884,
Gabon,1980,0.540,
Gabon,1985,0.590,
Gabon,1990,0.619,
Gabon,2000,0.632,
Gabon,2005,0.644,
Gabon,2006,0.645,
Gabon,2007,0.651,
Gabon,2008,0.654,
Gabon,2009,0.659,
Gabon,2010,0.662,
Gabon,2011,0.666,
Gabon,2012,0.670,
Gabon,2013,0.674,
Gambia,1980,0.300,
Gambia,1985,0.310,
Gambia,1990,0.334,
Gambia,2000,0.383,
Gambia,2005,0.414,
Gambia,2006,0.418,
Gambia,2007,0.425,
Gambia,2008,0.432,
Gambia,2009,0.436,
Gambia,2010,0.440,
Gambia,2011,0.436,
Gambia,2012,0.438,
Gambia,2013,0.441,
Georgia,1980,NA,
Georgia,1985,NA,
Georgia,1990,NA,
Georgia,2000,NA,
Georgia,2005,0.710,
Georgia,2006,0.714,
Georgia,2007,0.726,
Georgia,2008,0.730,
Georgia,2009,0.735,
Georgia,2010,0.733,
Georgia,2011,0.736,
Georgia,2012,0.741,
Georgia,2013,0.744,
Germany,1980,0.739,
Germany,1985,0.752,
Germany,1990,0.782,
Germany,2000,0.854,
Germany,2005,0.887,
Germany,2006,0.896,
Germany,2007,0.899,
Germany,2008,0.902,
Germany,2009,0.901,
Germany,2010,0.904,
Germany,2011,0.908,
Germany,2012,0.911,
Germany,2013,0.911,
Ghana,1980,0.423,
Ghana,1985,0.433,
Ghana,1990,0.502,
Ghana,2000,0.487,
Ghana,2005,0.511,
Ghana,2006,0.521,
Ghana,2007,0.532,
Ghana,2008,0.544,
Ghana,2009,0.549,
Ghana,2010,0.556,
Ghana,2011,0.566,
Ghana,2012,0.571,
Ghana,2013,0.573,
Greece,1980,0.713,
Greece,1985,0.739,
Greece,1990,0.749,
Greece,2000,0.798,
Greece,2005,0.853,
Greece,2006,0.859,
Greece,2007,0.857,
Greece,2008,0.858,
Greece,2009,0.858,
Greece,2010,0.856,
Greece,2011,0.854,
Greece,2012,0.854,
Greece,2013,0.853,
Grenada,1980,NA,1
Grenada,1985,NA,1
Grenada,1990,NA,1
Grenada,2000,NA,1
Grenada,2005,NA,1
Grenada,2006,NA,1
Grenada,2007,NA,1
Grenada,2008,NA,1
Grenada,2009,NA,1
Grenada,2010,0.746,1
Grenada,2011,0.747,1
Grenada,2012,0.743,1
Grenada,2013,0.744,1
Guatemala,1980,0.445,1
Guatemala,1985,0.457,1
Guatemala,1990,0.483,1
Guatemala,2000,0.551,1
Guatemala,2005,0.576,1
Guatemala,2006,0.583,1
Guatemala,2007,0.595,1
Guatemala,2008,0.601,1
Guatemala,2009,0.606,1
Guatemala,2010,0.613,1
Guatemala,2011,0.620,1
Guatemala,2012,0.626,1
Guatemala,2013,0.628,1
Guinea,1980,NA,
Guinea,1985,NA,
Guinea,1990,NA,
Guinea,2000,NA,
Guinea,2005,0.366,
Guinea,2006,0.374,
Guinea,2007,0.377,
Guinea,2008,0.377,
Guinea,2009,0.376,
Guinea,2010,0.380,
Guinea,2011,0.387,
Guinea,2012,0.391,
Guinea,2013,0.392,
Guinea-Bissau,1980,NA,
Guinea-Bissau,1985,NA,
Guinea-Bissau,1990,NA,
Guinea-Bissau,2000,NA,
Guinea-Bissau,2005,0.387,
Guinea-Bissau,2006,0.393,
Guinea-Bissau,2007,0.395,
Guinea-Bissau,2008,0.397,
Guinea-Bissau,2009,0.397,
Guinea-Bissau,2010,0.401,
Guinea-Bissau,2011,0.402,
Guinea-Bissau,2012,0.396,
Guinea-Bissau,2013,0.396,
Guyana,1980,0.516,1
Guyana,1985,0.505,1
Guyana,1990,0.505,1
Guyana,2000,0.570,1
Guyana,2005,0.584,1
Guyana,2006,0.589,1
Guyana,2007,0.616,1
Guyana,2008,0.621,1
Guyana,2009,0.623,1
Guyana,2010,0.626,1
Guyana,2011,0.632,1
Guyana,2012,0.635,1
Guyana,2013,0.638,1
Haiti,1980,0.352,1
Haiti,1985,0.392,1
Haiti,1990,0.413,1
Haiti,2000,0.433,1
Haiti,2005,0.447,1
Haiti,2006,0.450,1
Haiti,2007,0.455,1
Haiti,2008,0.458,1
Haiti,2009,0.463,1
Haiti,2010,0.462,1
Haiti,2011,0.466,1
Haiti,2012,0.469,1
Haiti,2013,0.471,1
Honduras,1980,0.461,1
Honduras,1985,0.490,1
Honduras,1990,0.507,1
Honduras,2000,0.558,1
Honduras,2005,0.584,1
Honduras,2006,0.590,1
Honduras,2007,0.597,1
Honduras,2008,0.604,1
Honduras,2009,0.607,1
Honduras,2010,0.612,1
Honduras,2011,0.615,1
Honduras,2012,0.616,1
Honduras,2013,0.617,1
"Hong Kong, China (SAR)",1980,0.698,
"Hong Kong, China (SAR)",1985,0.741,
"Hong Kong, China (SAR)",1990,0.775,
"Hong Kong, China (SAR)",2000,0.810,
"Hong Kong, China (SAR)",2005,0.839,
"Hong Kong, China (SAR)",2006,0.847,
"Hong Kong, China (SAR)",2007,0.860,
"Hong Kong, China (SAR)",2008,0.877,
"Hong Kong, China (SAR)",2009,0.879,
"Hong Kong, China (SAR)",2010,0.882,
"Hong Kong, China (SAR)",2011,0.886,
"Hong Kong, China (SAR)",2012,0.889,
"Hong Kong, China (SAR)",2013,0.891,
Hungary,1980,0.696,
Hungary,1985,0.707,
Hungary,1990,0.701,
Hungary,2000,0.774,
Hungary,2005,0.805,
Hungary,2006,0.810,
Hungary,2007,0.813,
Hungary,2008,0.814,
Hungary,2009,0.816,
Hungary,2010,0.817,
Hungary,2011,0.817,
Hungary,2012,0.817,
Hungary,2013,0.818,
Iceland,1980,0.754,
Iceland,1985,0.776,
Iceland,1990,0.800,
Iceland,2000,0.858,
Iceland,2005,0.888,
Iceland,2006,0.890,
Iceland,2007,0.894,
Iceland,2008,0.886,
Iceland,2009,0.885,
Iceland,2010,0.886,
Iceland,2011,0.890,
Iceland,2012,0.893,
Iceland,2013,0.895,
India,1980,0.369,
India,1985,0.404,
India,1990,0.431,
India,2000,0.483,
India,2005,0.527,
India,2006,0.537,
India,2007,0.547,
India,2008,0.554,
India,2009,0.560,
India,2010,0.570,
India,2011,0.581,
India,2012,0.583,
India,2013,0.586,
Indonesia,1980,0.471,
Indonesia,1985,0.510,
Indonesia,1990,0.528,
Indonesia,2000,0.609,
Indonesia,2005,0.640,
Indonesia,2006,0.645,
Indonesia,2007,0.650,
Indonesia,2008,0.654,
Indonesia,2009,0.665,
Indonesia,2010,0.671,
Indonesia,2011,0.678,
Indonesia,2012,0.681,
Indonesia,2013,0.684,
Iran (Islamic Republic of),1980,0.490,
Iran (Islamic Republic of),1985,0.502,
Iran (Islamic Republic of),1990,0.552,
Iran (Islamic Republic of),2000,0.652,
Iran (Islamic Republic of),2005,0.681,
Iran (Islamic Republic of),2006,0.691,
Iran (Islamic Republic of),2007,0.703,
Iran (Islamic Republic of),2008,0.711,
Iran (Islamic Republic of),2009,0.718,
Iran (Islamic Republic of),2010,0.725,
Iran (Islamic Republic of),2011,0.733,
Iran (Islamic Republic of),2012,0.749,
Iran (Islamic Republic of),2013,0.749,
Iraq,1980,0.500,
Iraq,1985,0.481,
Iraq,1990,0.508,
Iraq,2000,0.606,
Iraq,2005,0.621,
Iraq,2006,0.636,
Iraq,2007,0.632,
Iraq,2008,0.632,
Iraq,2009,0.637,
Iraq,2010,0.638,
Iraq,2011,0.639,
Iraq,2012,0.641,
Iraq,2013,0.642,
Ireland,1980,0.734,
Ireland,1985,0.751,
Ireland,1990,0.775,
Ireland,2000,0.862,
Ireland,2005,0.890,
Ireland,2006,0.895,
Ireland,2007,0.901,
Ireland,2008,0.902,
Ireland,2009,0.898,
Ireland,2010,0.899,
Ireland,2011,0.900,
Ireland,2012,0.901,
Ireland,2013,0.899,
Israel,1980,0.749,
Israel,1985,0.771,
Israel,1990,0.785,
Israel,2000,0.849,
Israel,2005,0.869,
Israel,2006,0.872,
Israel,2007,0.877,
Israel,2008,0.877,
Israel,2009,0.878,
Israel,2010,0.881,
Israel,2011,0.885,
Israel,2012,0.886,
Israel,2013,0.888,
Italy,1980,0.718,
Italy,1985,0.735,
Italy,1990,0.763,
Italy,2000,0.825,
Italy,2005,0.858,
Italy,2006,0.863,
Italy,2007,0.867,
Italy,2008,0.868,
Italy,2009,0.866,
Italy,2010,0.869,
Italy,2011,0.872,
Italy,2012,0.872,
Italy,2013,0.872,
Jamaica,1980,0.614,1
Jamaica,1985,0.616,1
Jamaica,1990,0.638,1
Jamaica,2000,0.671,1
Jamaica,2005,0.700,1
Jamaica,2006,0.702,1
Jamaica,2007,0.707,1
Jamaica,2008,0.710,1
Jamaica,2009,0.709,1
Jamaica,2010,0.712,1
Jamaica,2011,0.714,1
Jamaica,2012,0.715,1
Jamaica,2013,0.715,1
Japan,1980,0.772,
Japan,1985,0.794,
Japan,1990,0.817,
Japan,2000,0.858,
Japan,2005,0.873,
Japan,2006,0.877,
Japan,2007,0.879,
Japan,2008,0.881,
Japan,2009,0.880,
Japan,2010,0.884,
Japan,2011,0.887,
Japan,2012,0.888,
Japan,2013,0.890,
Jordan,1980,0.587,
Jordan,1985,0.616,
Jordan,1990,0.622,
Jordan,2000,0.705,
Jordan,2005,0.733,
Jordan,2006,0.736,
Jordan,2007,0.741,
Jordan,2008,0.746,
Jordan,2009,0.746,
Jordan,2010,0.744,
Jordan,2011,0.744,
Jordan,2012,0.744,
Jordan,2013,0.745,
Kazakhstan,1980,NA,
Kazakhstan,1985,NA,
Kazakhstan,1990,0.686,
Kazakhstan,2000,0.679,
Kazakhstan,2005,0.734,
Kazakhstan,2006,0.740,
Kazakhstan,2007,0.743,
Kazakhstan,2008,0.744,
Kazakhstan,2009,0.746,
Kazakhstan,2010,0.747,
Kazakhstan,2011,0.750,
Kazakhstan,2012,0.755,
Kazakhstan,2013,0.757,
Kenya,1980,0.446,
Kenya,1985,0.459,
Kenya,1990,0.471,
Kenya,2000,0.455,
Kenya,2005,0.479,
Kenya,2006,0.487,
Kenya,2007,0.500,
Kenya,2008,0.508,
Kenya,2009,0.516,
Kenya,2010,0.522,
Kenya,2011,0.527,
Kenya,2012,0.531,
Kenya,2013,0.535,
Kiribati,1980,NA,
Kiribati,1985,NA,
Kiribati,1990,NA,
Kiribati,2000,NA,
Kiribati,2005,NA,
Kiribati,2006,NA,
Kiribati,2007,NA,
Kiribati,2008,NA,
Kiribati,2009,NA,
Kiribati,2010,0.599,
Kiribati,2011,0.599,
Kiribati,2012,0.606,
Kiribati,2013,0.607,
Korea (Republic of),1980,0.628,
Korea (Republic of),1985,0.681,
Korea (Republic of),1990,0.731,
Korea (Republic of),2000,0.819,
Korea (Republic of),2005,0.856,
Korea (Republic of),2006,0.862,
Korea (Republic of),2007,0.869,
Korea (Republic of),2008,0.874,
Korea (Republic of),2009,0.876,
Korea (Republic of),2010,0.882,
Korea (Republic of),2011,0.886,
Korea (Republic of),2012,0.888,
Korea (Republic of),2013,0.891,
Kuwait,1980,0.702,
Kuwait,1985,0.739,
Kuwait,1990,0.723,
Kuwait,2000,0.804,
Kuwait,2005,0.795,
Kuwait,2006,0.795,
Kuwait,2007,0.797,
Kuwait,2008,0.800,
Kuwait,2009,0.804,
Kuwait,2010,0.807,
Kuwait,2011,0.810,
Kuwait,2012,0.813,
Kuwait,2013,0.814,
Kyrgyzstan,1980,NA,
Kyrgyzstan,1985,NA,
Kyrgyzstan,1990,0.607,
Kyrgyzstan,2000,0.586,
Kyrgyzstan,2005,0.605,
Kyrgyzstan,2006,0.609,
Kyrgyzstan,2007,0.614,
Kyrgyzstan,2008,0.617,
Kyrgyzstan,2009,0.617,
Kyrgyzstan,2010,0.614,
Kyrgyzstan,2011,0.618,
Kyrgyzstan,2012,0.621,
Kyrgyzstan,2013,0.628,
Lao People's Democratic Republic,1980,0.340,
Lao People's Democratic Republic,1985,0.398,
Lao People's Democratic Republic,1990,0.395,
Lao People's Democratic Republic,2000,0.473,
Lao People's Democratic Republic,2005,0.511,
Lao People's Democratic Republic,2006,0.517,
Lao People's Democratic Republic,2007,0.525,
Lao People's Democratic Republic,2008,0.533,
Lao People's Democratic Republic,2009,0.543,
Lao People's Democratic Republic,2010,0.549,
Lao People's Democratic Republic,2011,0.560,
Lao People's Democratic Republic,2012,0.565,
Lao People's Democratic Republic,2013,0.569,
Latvia,1980,NA,
Latvia,1985,NA,
Latvia,1990,0.710,
Latvia,2000,0.729,
Latvia,2005,0.786,
Latvia,2006,0.796,
Latvia,2007,0.804,
Latvia,2008,0.813,
Latvia,2009,0.814,
Latvia,2010,0.809,
Latvia,2011,0.804,
Latvia,2012,0.808,
Latvia,2013,0.810,
Lebanon,1980,NA,
Lebanon,1985,NA,
Lebanon,1990,NA,
Lebanon,2000,NA,
Lebanon,2005,0.741,
Lebanon,2006,0.738,
Lebanon,2007,0.745,
Lebanon,2008,0.750,
Lebanon,2009,0.756,
Lebanon,2010,0.759,
Lebanon,2011,0.764,
Lebanon,2012,0.764,
Lebanon,2013,0.765,
Lesotho,1980,0.443,
Lesotho,1985,0.475,
Lesotho,1990,0.493,
Lesotho,2000,0.443,
Lesotho,2005,0.437,
Lesotho,2006,0.441,
Lesotho,2007,0.448,
Lesotho,2008,0.456,
Lesotho,2009,0.464,
Lesotho,2010,0.472,
Lesotho,2011,0.476,
Lesotho,2012,0.481,
Lesotho,2013,0.486,
Liberia,1980,NA,
Liberia,1985,NA,
Liberia,1990,NA,
Liberia,2000,0.339,
Liberia,2005,0.335,
Liberia,2006,0.350,
Liberia,2007,0.364,
Liberia,2008,0.374,
Liberia,2009,0.386,
Liberia,2010,0.393,
Liberia,2011,0.402,
Liberia,2012,0.407,
Liberia,2013,0.412,
Libya,1980,0.641,
Libya,1985,0.654,
Libya,1990,0.684,
Libya,2000,0.745,
Libya,2005,0.772,
Libya,2006,0.778,
Libya,2007,0.784,
Libya,2008,0.789,
Libya,2009,0.794,
Libya,2010,0.799,
Libya,2011,0.753,
Libya,2012,0.789,
Libya,2013,0.784,
Liechtenstein,1980,NA,
Liechtenstein,1985,NA,
Liechtenstein,1990,NA,
Liechtenstein,2000,NA,
Liechtenstein,2005,NA,
Liechtenstein,2006,NA,
Liechtenstein,2007,NA,
Liechtenstein,2008,NA,
Liechtenstein,2009,NA,
Liechtenstein,2010,0.882,
Liechtenstein,2011,0.887,
Liechtenstein,2012,0.888,
Liechtenstein,2013,0.889,
Lithuania,1980,NA,
Lithuania,1985,NA,
Lithuania,1990,0.737,
Lithuania,2000,0.757,
Lithuania,2005,0.806,
Lithuania,2006,0.814,
Lithuania,2007,0.820,
Lithuania,2008,0.827,
Lithuania,2009,0.833,
Lithuania,2010,0.829,
Lithuania,2011,0.828,
Lithuania,2012,0.831,
Lithuania,2013,0.834,
Luxembourg,1980,0.729,
Luxembourg,1985,0.762,
Luxembourg,1990,0.786,
Luxembourg,2000,0.866,
Luxembourg,2005,0.876,
Luxembourg,2006,0.877,
Luxembourg,2007,0.880,
Luxembourg,2008,0.882,
Luxembourg,2009,0.876,
Luxembourg,2010,0.881,
Luxembourg,2011,0.881,
Luxembourg,2012,0.880,
Luxembourg,2013,0.881,
Madagascar,1980,NA,
Madagascar,1985,NA,
Madagascar,1990,NA,
Madagascar,2000,0.453,
Madagascar,2005,0.470,
Madagascar,2006,0.476,
Madagascar,2007,0.480,
Madagascar,2008,0.487,
Madagascar,2009,0.496,
Madagascar,2010,0.494,
Madagascar,2011,0.495,
Madagascar,2012,0.496,
Madagascar,2013,0.498,
Malawi,1980,0.270,
Malawi,1985,0.275,
Malawi,1990,0.283,
Malawi,2000,0.341,
Malawi,2005,0.368,
Malawi,2006,0.375,
Malawi,2007,0.383,
Malawi,2008,0.395,
Malawi,2009,0.407,
Malawi,2010,0.406,
Malawi,2011,0.411,
Malawi,2012,0.411,
Malawi,2013,0.414,
Malaysia,1980,0.577,
Malaysia,1985,0.619,
Malaysia,1990,0.641,
Malaysia,2000,0.717,
Malaysia,2005,0.747,
Malaysia,2006,0.752,
Malaysia,2007,0.757,
Malaysia,2008,0.760,
Malaysia,2009,0.761,
Malaysia,2010,0.766,
Malaysia,2011,0.768,
Malaysia,2012,0.770,
Malaysia,2013,0.773,
Maldives,1980,NA,
Maldives,1985,NA,
Maldives,1990,NA,
Maldives,2000,0.599,
Maldives,2005,0.659,
Maldives,2006,0.661,
Maldives,2007,0.674,
Maldives,2008,0.675,
Maldives,2009,0.686,
Maldives,2010,0.688,
Maldives,2011,0.692,
Maldives,2012,0.695,
Maldives,2013,0.698,
Mali,1980,0.208,
Mali,1985,0.213,
Mali,1990,0.232,
Mali,2000,0.309,
Mali,2005,0.359,
Mali,2006,0.367,
Mali,2007,0.377,
Mali,2008,0.385,
Mali,2009,0.393,
Mali,2010,0.398,
Mali,2011,0.405,
Mali,2012,0.406,
Mali,2013,0.407,
Malta,1980,0.704,
Malta,1985,0.717,
Malta,1990,0.730,
Malta,2000,0.770,
Malta,2005,0.801,
Malta,2006,0.801,
Malta,2007,0.802,
Malta,2008,0.809,
Malta,2009,0.818,
Malta,2010,0.821,
Malta,2011,0.823,
Malta,2012,0.827,
Malta,2013,0.829,
Mauritania,1980,0.347,
Mauritania,1985,0.355,
Mauritania,1990,0.367,
Mauritania,2000,0.433,
Mauritania,2005,0.455,
Mauritania,2006,0.465,
Mauritania,2007,0.467,
Mauritania,2008,0.466,
Mauritania,2009,0.474,
Mauritania,2010,0.475,
Mauritania,2011,0.475,
Mauritania,2012,0.485,
Mauritania,2013,0.487,
Mauritius,1980,0.558,
Mauritius,1985,0.575,
Mauritius,1990,0.621,
Mauritius,2000,0.686,
Mauritius,2005,0.722,
Mauritius,2006,0.728,
Mauritius,2007,0.735,
Mauritius,2008,0.741,
Mauritius,2009,0.747,
Mauritius,2010,0.753,
Mauritius,2011,0.759,
Mauritius,2012,0.769,
Mauritius,2013,0.771,
Mexico,1980,0.595,1
Mexico,1985,0.631,1
Mexico,1990,0.647,1
Mexico,2000,0.699,1
Mexico,2005,0.724,1
Mexico,2006,0.732,1
Mexico,2007,0.735,1
Mexico,2008,0.739,1
Mexico,2009,0.741,1
Mexico,2010,0.748,1
Mexico,2011,0.752,1
Mexico,2012,0.755,1
Mexico,2013,0.756,1
Micronesia (Federated States of),1980,NA,
Micronesia (Federated States of),1985,NA,
Micronesia (Federated States of),1990,NA,
Micronesia (Federated States of),2000,NA,
Micronesia (Federated States of),2005,NA,
Micronesia (Federated States of),2006,NA,
Micronesia (Federated States of),2007,NA,
Micronesia (Federated States of),2008,NA,
Micronesia (Federated States of),2009,NA,
Micronesia (Federated States of),2010,0.627,
Micronesia (Federated States of),2011,0.627,
Micronesia (Federated States of),2012,0.629,
Micronesia (Federated States of),2013,0.630,
Moldova (Republic of),1980,NA,
Moldova (Republic of),1985,NA,
Moldova (Republic of),1990,0.645,
Moldova (Republic of),2000,0.598,
Moldova (Republic of),2005,0.639,
Moldova (Republic of),2006,0.645,
Moldova (Republic of),2007,0.646,
Moldova (Republic of),2008,0.652,
Moldova (Republic of),2009,0.646,
Moldova (Republic of),2010,0.652,
Moldova (Republic of),2011,0.656,
Moldova (Republic of),2012,0.657,
Moldova (Republic of),2013,0.663,
Mongolia,1980,0.515,
Mongolia,1985,0.523,
Mongolia,1990,0.552,
Mongolia,2000,0.580,
Mongolia,2005,0.637,
Mongolia,2006,0.646,
Mongolia,2007,0.655,
Mongolia,2008,0.665,
Mongolia,2009,0.668,
Mongolia,2010,0.671,
Mongolia,2011,0.682,
Mongolia,2012,0.692,
Mongolia,2013,0.698,
Montenegro,1980,NA,
Montenegro,1985,NA,
Montenegro,1990,NA,
Montenegro,2000,NA,
Montenegro,2005,0.750,
Montenegro,2006,0.760,
Montenegro,2007,0.771,
Montenegro,2008,0.780,
Montenegro,2009,0.780,
Montenegro,2010,0.784,
Montenegro,2011,0.787,
Montenegro,2012,0.787,
Montenegro,2013,0.789,
Morocco,1980,0.399,
Morocco,1985,0.436,
Morocco,1990,0.459,
Morocco,2000,0.526,
Morocco,2005,0.569,
Morocco,2006,0.575,
Morocco,2007,0.582,
Morocco,2008,0.588,
Morocco,2009,0.594,
Morocco,2010,0.603,
Morocco,2011,0.612,
Morocco,2012,0.614,
Morocco,2013,0.617,
Mozambique,1980,0.246,
Mozambique,1985,0.205,
Mozambique,1990,0.216,
Mozambique,2000,0.285,
Mozambique,2005,0.343,
Mozambique,2006,0.348,
Mozambique,2007,0.359,
Mozambique,2008,0.366,
Mozambique,2009,0.375,
Mozambique,2010,0.380,
Mozambique,2011,0.384,
Mozambique,2012,0.389,
Mozambique,2013,0.393,
Myanmar,1980,0.328,
Myanmar,1985,0.355,
Myanmar,1990,0.347,
Myanmar,2000,0.421,
Myanmar,2005,0.472,
Myanmar,2006,0.483,
Myanmar,2007,0.493,
Myanmar,2008,0.500,
Myanmar,2009,0.507,
Myanmar,2010,0.514,
Myanmar,2011,0.517,
Myanmar,2012,0.520,
Myanmar,2013,0.524,
Namibia,1980,0.550,
Namibia,1985,0.564,
Namibia,1990,0.577,
Namibia,2000,0.556,
Namibia,2005,0.570,
Namibia,2006,0.580,
Namibia,2007,0.589,
Namibia,2008,0.598,
Namibia,2009,0.603,
Namibia,2010,0.610,
Namibia,2011,0.616,
Namibia,2012,0.620,
Namibia,2013,0.624,
Nepal,1980,0.286,
Nepal,1985,0.330,
Nepal,1990,0.388,
Nepal,2000,0.449,
Nepal,2005,0.477,
Nepal,2006,0.487,
Nepal,2007,0.492,
Nepal,2008,0.501,
Nepal,2009,0.513,
Nepal,2010,0.527,
Nepal,2011,0.533,
Nepal,2012,0.537,
Nepal,2013,0.540,
Netherlands,1980,0.783,
Netherlands,1985,0.796,
Netherlands,1990,0.826,
Netherlands,2000,0.874,
Netherlands,2005,0.888,
Netherlands,2006,0.895,
Netherlands,2007,0.901,
Netherlands,2008,0.901,
Netherlands,2009,0.900,
Netherlands,2010,0.904,
Netherlands,2011,0.914,
Netherlands,2012,0.915,
Netherlands,2013,0.915,
New Zealand,1980,0.793,
New Zealand,1985,0.806,
New Zealand,1990,0.821,
New Zealand,2000,0.873,
New Zealand,2005,0.894,
New Zealand,2006,0.896,
New Zealand,2007,0.899,
New Zealand,2008,0.899,
New Zealand,2009,0.903,
New Zealand,2010,0.903,
New Zealand,2011,0.904,
New Zealand,2012,0.908,
New Zealand,2013,0.910,
Nicaragua,1980,0.483,1
Nicaragua,1985,0.491,1
Nicaragua,1990,0.491,1
Nicaragua,2000,0.554,1
Nicaragua,2005,0.585,1
Nicaragua,2006,0.590,1
Nicaragua,2007,0.595,1
Nicaragua,2008,0.599,1
Nicaragua,2009,0.600,1
Nicaragua,2010,0.604,1
Nicaragua,2011,0.608,1
Nicaragua,2012,0.611,1
Nicaragua,2013,0.614,1
Niger,1980,0.191,
Niger,1985,0.197,
Niger,1990,0.218,
Niger,2000,0.262,
Niger,2005,0.293,
Niger,2006,0.297,
Niger,2007,0.303,
Niger,2008,0.309,
Niger,2009,0.312,
Niger,2010,0.323,
Niger,2011,0.328,
Niger,2012,0.335,
Niger,2013,0.337,
Nigeria,1980,NA,
Nigeria,1985,NA,
Nigeria,1990,NA,
Nigeria,2000,NA,
Nigeria,2005,0.466,
Nigeria,2006,0.471,
Nigeria,2007,0.480,
Nigeria,2008,0.483,
Nigeria,2009,0.488,
Nigeria,2010,0.492,
Nigeria,2011,0.496,
Nigeria,2012,0.500,
Nigeria,2013,0.504,
Norway,1980,0.793,
Norway,1985,0.814,
Norway,1990,0.841,
Norway,2000,0.910,
Norway,2005,0.935,
Norway,2006,0.938,
Norway,2007,0.938,
Norway,2008,0.937,
Norway,2009,0.937,
Norway,2010,0.939,
Norway,2011,0.941,
Norway,2012,0.943,
Norway,2013,0.944,
Oman,1980,NA,
Oman,1985,NA,
Oman,1990,NA,
Oman,2000,NA,
Oman,2005,0.733,
Oman,2006,0.693,
Oman,2007,0.701,
Oman,2008,0.714,
Oman,2009,0.728,
Oman,2010,0.780,
Oman,2011,0.781,
Oman,2012,0.781,
Oman,2013,0.783,
Pakistan,1980,0.356,
Pakistan,1985,0.384,
Pakistan,1990,0.402,
Pakistan,2000,0.454,
Pakistan,2005,0.504,
Pakistan,2006,0.527,
Pakistan,2007,0.535,
Pakistan,2008,0.536,
Pakistan,2009,0.545,
Pakistan,2010,0.526,
Pakistan,2011,0.531,
Pakistan,2012,0.535,
Pakistan,2013,0.537,
Palau,1980,NA,
Palau,1985,NA,
Palau,1990,NA,
Palau,2000,0.741,
Palau,2005,0.771,
Palau,2006,0.773,
Palau,2007,0.773,
Palau,2008,0.772,
Palau,2009,0.773,
Palau,2010,0.768,
Palau,2011,0.770,
Palau,2012,0.773,
Palau,2013,0.775,
"Palestine, State of",1980,NA,
"Palestine, State of",1985,NA,
"Palestine, State of",1990,NA,
"Palestine, State of",2000,NA,
"Palestine, State of",2005,0.649,
"Palestine, State of",2006,0.658,
"Palestine, State of",2007,0.668,
"Palestine, State of",2008,0.672,
"Palestine, State of",2009,0.679,
"Palestine, State of",2010,0.671,
"Palestine, State of",2011,0.679,
"Palestine, State of",2012,0.683,
"Palestine, State of",2013,0.686,
Panama,1980,0.627,1
Panama,1985,0.648,1
Panama,1990,0.651,1
Panama,2000,0.709,1
Panama,2005,0.728,1
Panama,2006,0.742,1
Panama,2007,0.747,1
Panama,2008,0.752,1
Panama,2009,0.754,1
Panama,2010,0.759,1
Panama,2011,0.757,1
Panama,2012,0.761,1
Panama,2013,0.765,1
Papua New Guinea,1980,0.323,
Papua New Guinea,1985,0.341,
Papua New Guinea,1990,0.363,
Papua New Guinea,2000,0.423,
Papua New Guinea,2005,0.441,
Papua New Guinea,2006,0.452,
Papua New Guinea,2007,0.454,
Papua New Guinea,2008,0.467,
Papua New Guinea,2009,0.474,
Papua New Guinea,2010,0.479,
Papua New Guinea,2011,0.484,
Papua New Guinea,2012,0.490,
Papua New Guinea,2013,0.491,
Paraguay,1980,0.550,1
Paraguay,1985,0.567,1
Paraguay,1990,0.581,1
Paraguay,2000,0.625,1
Paraguay,2005,0.648,1
Paraguay,2006,0.648,1
Paraguay,2007,0.653,1
Paraguay,2008,0.661,1
Paraguay,2009,0.661,1
Paraguay,2010,0.669,1
Paraguay,2011,0.672,1
Paraguay,2012,0.670,1
Paraguay,2013,0.676,1
Peru,1980,0.595,1
Peru,1985,0.616,1
Peru,1990,0.615,1
Peru,2000,0.682,1
Peru,2005,0.694,1
Peru,2006,0.696,1
Peru,2007,0.700,1
Peru,2008,0.707,1
Peru,2009,0.709,1
Peru,2010,0.722,1
Peru,2011,0.727,1
Peru,2012,0.734,1
Peru,2013,0.737,1
Philippines,1980,0.566,
Philippines,1985,0.578,
Philippines,1990,0.591,
Philippines,2000,0.619,
Philippines,2005,0.638,
Philippines,2006,0.638,
Philippines,2007,0.644,
Philippines,2008,0.648,
Philippines,2009,0.647,
Philippines,2010,0.651,
Philippines,2011,0.652,
Philippines,2012,0.656,
Philippines,2013,0.660,
Poland,1980,0.687,
Poland,1985,0.694,
Poland,1990,0.714,
Poland,2000,0.784,
Poland,2005,0.803,
Poland,2006,0.808,
Poland,2007,0.812,
Poland,2008,0.817,
Poland,2009,0.820,
Poland,2010,0.826,
Poland,2011,0.830,
Poland,2012,0.833,
Poland,2013,0.834,
Portugal,1980,0.643,
Portugal,1985,0.674,
Portugal,1990,0.708,
Portugal,2000,0.780,
Portugal,2005,0.790,
Portugal,2006,0.794,
Portugal,2007,0.800,
Portugal,2008,0.805,
Portugal,2009,0.809,
Portugal,2010,0.816,
Portugal,2011,0.819,
Portugal,2012,0.822,
Portugal,2013,0.822,
Qatar,1980,0.729,
Qatar,1985,0.753,
Qatar,1990,0.756,
Qatar,2000,0.811,
Qatar,2005,0.840,
Qatar,2006,0.846,
Qatar,2007,0.852,
Qatar,2008,0.855,
Qatar,2009,0.850,
Qatar,2010,0.847,
Qatar,2011,0.843,
Qatar,2012,0.850,
Qatar,2013,0.851,
Romania,1980,0.685,
Romania,1985,0.701,
Romania,1990,0.703,
Romania,2000,0.706,
Romania,2005,0.750,
Romania,2006,0.759,
Romania,2007,0.769,
Romania,2008,0.781,
Romania,2009,0.781,
Romania,2010,0.779,
Romania,2011,0.782,
Romania,2012,0.782,
Romania,2013,0.785,
Russian Federation,1980,NA,
Russian Federation,1985,NA,
Russian Federation,1990,0.729,
Russian Federation,2000,0.717,
Russian Federation,2005,0.750,
Russian Federation,2006,0.757,
Russian Federation,2007,0.765,
Russian Federation,2008,0.770,
Russian Federation,2009,0.770,
Russian Federation,2010,0.773,
Russian Federation,2011,0.775,
Russian Federation,2012,0.777,
Russian Federation,2013,0.778,
Rwanda,1980,0.291,
Rwanda,1985,0.312,
Rwanda,1990,0.238,
Rwanda,2000,0.329,
Rwanda,2005,0.391,
Rwanda,2006,0.414,
Rwanda,2007,0.423,
Rwanda,2008,0.432,
Rwanda,2009,0.443,
Rwanda,2010,0.453,
Rwanda,2011,0.463,
Rwanda,2012,0.502,
Rwanda,2013,0.506,
Saint Kitts and Nevis,1980,NA,1
Saint Kitts and Nevis,1985,NA,1
Saint Kitts and Nevis,1990,NA,1
Saint Kitts and Nevis,2000,NA,1
Saint Kitts and Nevis,2005,NA,1
Saint Kitts and Nevis,2006,NA,1
Saint Kitts and Nevis,2007,NA,1
Saint Kitts and Nevis,2008,NA,1
Saint Kitts and Nevis,2009,0.752,1
Saint Kitts and Nevis,2010,0.747,1
Saint Kitts and Nevis,2011,0.745,1
Saint Kitts and Nevis,2012,0.749,1
Saint Kitts and Nevis,2013,0.750,1
Saint Lucia,1980,NA,
Saint Lucia,1985,NA,
Saint Lucia,1990,NA,
Saint Lucia,2000,NA,
Saint Lucia,2005,NA,
Saint Lucia,2006,NA,
Saint Lucia,2007,NA,
Saint Lucia,2008,NA,
Saint Lucia,2009,0.720,
Saint Lucia,2010,0.717,
Saint Lucia,2011,0.718,
Saint Lucia,2012,0.715,
Saint Lucia,2013,0.714,
Saint Vincent and the Grenadines,1980,NA,1
Saint Vincent and the Grenadines,1985,NA,1
Saint Vincent and the Grenadines,1990,NA,1
Saint Vincent and the Grenadines,2000,NA,1
Saint Vincent and the Grenadines,2005,NA,1
Saint Vincent and the Grenadines,2006,NA,1
Saint Vincent and the Grenadines,2007,NA,1
Saint Vincent and the Grenadines,2008,NA,1
Saint Vincent and the Grenadines,2009,0.717,1
Saint Vincent and the Grenadines,2010,0.717,1
Saint Vincent and the Grenadines,2011,0.715,1
Saint Vincent and the Grenadines,2012,0.717,1
Saint Vincent and the Grenadines,2013,0.719,1
Samoa,1980,NA,
Samoa,1985,NA,
Samoa,1990,NA,
Samoa,2000,0.654,
Samoa,2005,0.681,
Samoa,2006,0.681,
Samoa,2007,0.684,
Samoa,2008,0.683,
Samoa,2009,0.689,
Samoa,2010,0.688,
Samoa,2011,0.690,
Samoa,2012,0.693,
Samoa,2013,0.694,
Sao Tome and Principe,1980,NA,
Sao Tome and Principe,1985,NA,
Sao Tome and Principe,1990,NA,
Sao Tome and Principe,2000,0.495,
Sao Tome and Principe,2005,0.520,
Sao Tome and Principe,2006,0.520,
Sao Tome and Principe,2007,0.531,
Sao Tome and Principe,2008,0.537,
Sao Tome and Principe,2009,0.543,
Sao Tome and Principe,2010,0.543,
Sao Tome and Principe,2011,0.548,
Sao Tome and Principe,2012,0.556,
Sao Tome and Principe,2013,0.558,
Saudi Arabia,1980,0.583,
Saudi Arabia,1985,0.623,
Saudi Arabia,1990,0.662,
Saudi Arabia,2000,0.744,
Saudi Arabia,2005,0.773,
Saudi Arabia,2006,0.779,
Saudi Arabia,2007,0.784,
Saudi Arabia,2008,0.791,
Saudi Arabia,2009,0.802,
Saudi Arabia,2010,0.815,
Saudi Arabia,2011,0.825,
Saudi Arabia,2012,0.833,
Saudi Arabia,2013,0.836,
Senegal,1980,0.333,
Senegal,1985,0.364,
Senegal,1990,0.384,
Senegal,2000,0.413,
Senegal,2005,0.451,
Senegal,2006,0.456,
Senegal,2007,0.466,
Senegal,2008,0.474,
Senegal,2009,0.478,
Senegal,2010,0.483,
Senegal,2011,0.483,
Senegal,2012,0.484,
Senegal,2013,0.485,
Serbia,1980,NA,
Serbia,1985,NA,
Serbia,1990,0.726,
Serbia,2000,0.713,
Serbia,2005,0.732,
Serbia,2006,0.735,
Serbia,2007,0.739,
Serbia,2008,0.743,
Serbia,2009,0.742,
Serbia,2010,0.743,
Serbia,2011,0.744,
Serbia,2012,0.743,
Serbia,2013,0.745,
Seychelles,1980,NA,
Seychelles,1985,NA,
Seychelles,1990,NA,
Seychelles,2000,0.743,
Seychelles,2005,0.757,
Seychelles,2006,0.760,
Seychelles,2007,0.763,
Seychelles,2008,0.766,
Seychelles,2009,0.744,
Seychelles,2010,0.763,
Seychelles,2011,0.749,
Seychelles,2012,0.755,
Seychelles,2013,0.756,
Sierra Leone,1980,0.276,
Sierra Leone,1985,0.279,
Sierra Leone,1990,0.263,
Sierra Leone,2000,0.297,
Sierra Leone,2005,0.329,
Sierra Leone,2006,0.335,
Sierra Leone,2007,0.340,
Sierra Leone,2008,0.346,
Sierra Leone,2009,0.350,
Sierra Leone,2010,0.353,
Sierra Leone,2011,0.360,
Sierra Leone,2012,0.368,
Sierra Leone,2013,0.374,
Singapore,1980,NA,
Singapore,1985,NA,
Singapore,1990,0.744,
Singapore,2000,0.800,
Singapore,2005,0.840,
Singapore,2006,0.852,
Singapore,2007,0.862,
Singapore,2008,0.868,
Singapore,2009,0.868,
Singapore,2010,0.894,
Singapore,2011,0.896,
Singapore,2012,0.899,
Singapore,2013,0.901,
Slovakia,1980,NA,
Slovakia,1985,NA,
Slovakia,1990,0.747,
Slovakia,2000,0.776,
Slovakia,2005,0.803,
Slovakia,2006,0.810,
Slovakia,2007,0.817,
Slovakia,2008,0.824,
Slovakia,2009,0.826,
Slovakia,2010,0.826,
Slovakia,2011,0.827,
Slovakia,2012,0.829,
Slovakia,2013,0.830,
Slovenia,1980,NA,
Slovenia,1985,NA,
Slovenia,1990,0.769,
Slovenia,2000,0.821,
Slovenia,2005,0.855,
Slovenia,2006,0.861,
Slovenia,2007,0.865,
Slovenia,2008,0.871,
Slovenia,2009,0.875,
Slovenia,2010,0.873,
Slovenia,2011,0.874,
Slovenia,2012,0.874,
Slovenia,2013,0.874,
Solomon Islands,1980,NA,
Solomon Islands,1985,NA,
Solomon Islands,1990,NA,
Solomon Islands,2000,0.475,
Solomon Islands,2005,0.483,
Solomon Islands,2006,0.493,
Solomon Islands,2007,0.498,
Solomon Islands,2008,0.506,
Solomon Islands,2009,0.500,
Solomon Islands,2010,0.489,
Solomon Islands,2011,0.494,
Solomon Islands,2012,0.489,
Solomon Islands,2013,0.491,
South Africa,1980,0.569,
South Africa,1985,0.584,
South Africa,1990,0.619,
South Africa,2000,0.628,
South Africa,2005,0.608,
South Africa,2006,0.611,
South Africa,2007,0.617,
South Africa,2008,0.623,
South Africa,2009,0.631,
South Africa,2010,0.638,
South Africa,2011,0.646,
South Africa,2012,0.654,
South Africa,2013,0.658,
Spain,1980,0.702,
Spain,1985,0.724,
Spain,1990,0.755,
Spain,2000,0.826,
Spain,2005,0.844,
Spain,2006,0.848,
Spain,2007,0.852,
Spain,2008,0.857,
Spain,2009,0.858,
Spain,2010,0.864,
Spain,2011,0.868,
Spain,2012,0.869,
Spain,2013,0.869,
Sri Lanka,1980,0.569,
Sri Lanka,1985,0.598,
Sri Lanka,1990,0.620,
Sri Lanka,2000,0.679,
Sri Lanka,2005,0.710,
Sri Lanka,2006,0.716,
Sri Lanka,2007,0.721,
Sri Lanka,2008,0.725,
Sri Lanka,2009,0.728,
Sri Lanka,2010,0.736,
Sri Lanka,2011,0.740,
Sri Lanka,2012,0.745,
Sri Lanka,2013,0.750,
Sudan,1980,0.331,
Sudan,1985,0.333,
Sudan,1990,0.342,
Sudan,2000,0.385,
Sudan,2005,0.423,
Sudan,2006,0.430,
Sudan,2007,0.440,
Sudan,2008,0.447,
Sudan,2009,0.458,
Sudan,2010,0.463,
Sudan,2011,0.468,
Sudan,2012,0.472,
Sudan,2013,0.473,
Suriname,1980,NA,1
Suriname,1985,NA,1
Suriname,1990,NA,1
Suriname,2000,NA,1
Suriname,2005,0.672,1
Suriname,2006,0.676,1
Suriname,2007,0.690,1
Suriname,2008,0.694,1
Suriname,2009,0.696,1
Suriname,2010,0.698,1
Suriname,2011,0.701,1
Suriname,2012,0.702,1
Suriname,2013,0.705,1
Swaziland,1980,0.477,
Swaziland,1985,0.516,
Swaziland,1990,0.538,
Swaziland,2000,0.498,
Swaziland,2005,0.498,
Swaziland,2006,0.505,
Swaziland,2007,0.513,
Swaziland,2008,0.518,
Swaziland,2009,0.523,
Swaziland,2010,0.527,
Swaziland,2011,0.530,
Swaziland,2012,0.529,
Swaziland,2013,0.530,
Sweden,1980,0.776,
Sweden,1985,0.786,
Sweden,1990,0.807,
Sweden,2000,0.889,
Sweden,2005,0.887,
Sweden,2006,0.889,
Sweden,2007,0.891,
Sweden,2008,0.891,
Sweden,2009,0.888,
Sweden,2010,0.895,
Sweden,2011,0.896,
Sweden,2012,0.897,
Sweden,2013,0.898,
Switzerland,1980,0.806,
Switzerland,1985,0.813,
Switzerland,1990,0.829,
Switzerland,2000,0.886,
Switzerland,2005,0.901,
Switzerland,2006,0.905,
Switzerland,2007,0.905,
Switzerland,2008,0.903,
Switzerland,2009,0.909,
Switzerland,2010,0.915,
Switzerland,2011,0.914,
Switzerland,2012,0.916,
Switzerland,2013,0.917,
Syrian Arab Republic,1980,0.528,
Syrian Arab Republic,1985,0.564,
Syrian Arab Republic,1990,0.570,
Syrian Arab Republic,2000,0.605,
Syrian Arab Republic,2005,0.653,
Syrian Arab Republic,2006,NA,
Syrian Arab Republic,2007,0.658,
Syrian Arab Republic,2008,0.658,
Syrian Arab Republic,2009,0.662,
Syrian Arab Republic,2010,0.662,
Syrian Arab Republic,2011,0.662,
Syrian Arab Republic,2012,0.662,
Syrian Arab Republic,2013,0.658,
Tajikistan,1980,NA,
Tajikistan,1985,NA,
Tajikistan,1990,0.610,
Tajikistan,2000,0.529,
Tajikistan,2005,0.572,
Tajikistan,2006,0.578,
Tajikistan,2007,0.583,
Tajikistan,2008,0.591,
Tajikistan,2009,0.592,
Tajikistan,2010,0.596,
Tajikistan,2011,0.600,
Tajikistan,2012,0.603,
Tajikistan,2013,0.607,
Tanzania (United Republic of),1980,0.377,
Tanzania (United Republic of),1985,0.366,
Tanzania (United Republic of),1990,0.354,
Tanzania (United Republic of),2000,0.376,
Tanzania (United Republic of),2005,0.419,
Tanzania (United Republic of),2006,0.430,
Tanzania (United Republic of),2007,0.440,
Tanzania (United Republic of),2008,0.451,
Tanzania (United Republic of),2009,0.457,
Tanzania (United Republic of),2010,0.464,
Tanzania (United Republic of),2011,0.478,
Tanzania (United Republic of),2012,0.484,
Tanzania (United Republic of),2013,0.488,
Thailand,1980,0.503,
Thailand,1985,0.542,
Thailand,1990,0.572,
Thailand,2000,0.649,
Thailand,2005,0.685,
Thailand,2006,0.685,
Thailand,2007,0.698,
Thailand,2008,0.704,
Thailand,2009,0.708,
Thailand,2010,0.715,
Thailand,2011,0.716,
Thailand,2012,0.720,
Thailand,2013,0.722,
The former Yugoslav Republic of Macedonia,1980,NA,
The former Yugoslav Republic of Macedonia,1985,NA,
The former Yugoslav Republic of Macedonia,1990,NA,
The former Yugoslav Republic of Macedonia,2000,NA,
The former Yugoslav Republic of Macedonia,2005,0.699,
The former Yugoslav Republic of Macedonia,2006,0.705,
The former Yugoslav Republic of Macedonia,2007,0.708,
The former Yugoslav Republic of Macedonia,2008,0.724,
The former Yugoslav Republic of Macedonia,2009,0.725,
The former Yugoslav Republic of Macedonia,2010,0.728,
The former Yugoslav Republic of Macedonia,2011,0.730,
The former Yugoslav Republic of Macedonia,2012,0.730,
The former Yugoslav Republic of Macedonia,2013,0.732,
Timor-Leste,1980,NA,
Timor-Leste,1985,NA,
Timor-Leste,1990,NA,
Timor-Leste,2000,0.465,
Timor-Leste,2005,0.505,
Timor-Leste,2006,0.521,
Timor-Leste,2007,0.552,
Timor-Leste,2008,0.579,
Timor-Leste,2009,0.599,
Timor-Leste,2010,0.606,
Timor-Leste,2011,0.606,
Timor-Leste,2012,0.616,
Timor-Leste,2013,0.620,
Togo,1980,0.405,
Togo,1985,0.389,
Togo,1990,0.404,
Togo,2000,0.430,
Togo,2005,0.442,
Togo,2006,0.448,
Togo,2007,0.446,
Togo,2008,0.447,
Togo,2009,0.454,
Togo,2010,0.460,
Togo,2011,0.467,
Togo,2012,0.470,
Togo,2013,0.473,
Tonga,1980,0.602,
Tonga,1985,0.617,
Tonga,1990,0.631,
Tonga,2000,0.672,
Tonga,2005,0.695,
Tonga,2006,0.696,
Tonga,2007,0.697,
Tonga,2008,0.696,
Tonga,2009,0.698,
Tonga,2010,0.701,
Tonga,2011,0.702,
Tonga,2012,0.704,
Tonga,2013,0.705,
Trinidad and Tobago,1980,0.658,1
Trinidad and Tobago,1985,0.663,1
Trinidad and Tobago,1990,0.658,1
Trinidad and Tobago,2000,0.697,1
Trinidad and Tobago,2005,0.745,1
Trinidad and Tobago,2006,0.751,1
Trinidad and Tobago,2007,0.759,1
Trinidad and Tobago,2008,0.764,1
Trinidad and Tobago,2009,0.766,1
Trinidad and Tobago,2010,0.764,1
Trinidad and Tobago,2011,0.764,1
Trinidad and Tobago,2012,0.765,1
Trinidad and Tobago,2013,0.766,1
Tunisia,1980,0.484,
Tunisia,1985,0.537,
Tunisia,1990,0.567,
Tunisia,2000,0.653,
Tunisia,2005,0.687,
Tunisia,2006,0.694,
Tunisia,2007,0.700,
Tunisia,2008,0.706,
Tunisia,2009,0.710,
Tunisia,2010,0.715,
Tunisia,2011,0.716,
Tunisia,2012,0.719,
Tunisia,2013,0.721,
Turkey,1980,0.496,
Turkey,1985,0.542,
Turkey,1990,0.576,
Turkey,2000,0.653,
Turkey,2005,0.687,
Turkey,2006,0.698,
Turkey,2007,0.706,
Turkey,2008,0.710,
Turkey,2009,0.716,
Turkey,2010,0.738,
Turkey,2011,0.752,
Turkey,2012,0.756,
Turkey,2013,0.759,
Turkmenistan,1980,NA,
Turkmenistan,1985,NA,
Turkmenistan,1990,NA,
Turkmenistan,2000,NA,
Turkmenistan,2005,NA,
Turkmenistan,2006,NA,
Turkmenistan,2007,NA,
Turkmenistan,2008,NA,
Turkmenistan,2009,NA,
Turkmenistan,2010,0.687,
Turkmenistan,2011,0.690,
Turkmenistan,2012,0.693,
Turkmenistan,2013,0.698,
Uganda,1980,0.293,
Uganda,1985,0.309,
Uganda,1990,0.310,
Uganda,2000,0.392,
Uganda,2005,0.429,
Uganda,2006,0.437,
Uganda,2007,0.446,
Uganda,2008,0.458,
Uganda,2009,0.466,
Uganda,2010,0.472,
Uganda,2011,0.477,
Uganda,2012,0.480,
Uganda,2013,0.484,
Ukraine,1980,NA,
Ukraine,1985,NA,
Ukraine,1990,0.705,
Ukraine,2000,0.668,
Ukraine,2005,0.713,
Ukraine,2006,0.720,
Ukraine,2007,0.726,
Ukraine,2008,0.729,
Ukraine,2009,0.722,
Ukraine,2010,0.726,
Ukraine,2011,0.730,
Ukraine,2012,0.733,
Ukraine,2013,0.734,
United Arab Emirates,1980,0.640,
United Arab Emirates,1985,0.686,
United Arab Emirates,1990,0.725,
United Arab Emirates,2000,0.797,
United Arab Emirates,2005,0.823,
United Arab Emirates,2006,0.826,
United Arab Emirates,2007,0.829,
United Arab Emirates,2008,0.832,
United Arab Emirates,2009,0.826,
United Arab Emirates,2010,0.824,
United Arab Emirates,2011,0.824,
United Arab Emirates,2012,0.825,
United Arab Emirates,2013,0.827,
United Kingdom,1980,0.735,
United Kingdom,1985,0.747,
United Kingdom,1990,0.768,
United Kingdom,2000,0.863,
United Kingdom,2005,0.888,
United Kingdom,2006,0.885,
United Kingdom,2007,0.887,
United Kingdom,2008,0.890,
United Kingdom,2009,0.890,
United Kingdom,2010,0.895,
United Kingdom,2011,0.891,
United Kingdom,2012,0.890,
United Kingdom,2013,0.892,
United States,1980,0.825,
United States,1985,0.839,
United States,1990,0.858,
United States,2000,0.883,
United States,2005,0.897,
United States,2006,0.900,
United States,2007,0.903,
United States,2008,0.905,
United States,2009,0.905,
United States,2010,0.908,
United States,2011,0.911,
United States,2012,0.912,
United States,2013,0.914,
Uruguay,1980,0.658,1
Uruguay,1985,0.661,1
Uruguay,1990,0.691,1
Uruguay,2000,0.740,1
Uruguay,2005,0.755,1
Uruguay,2006,0.759,1
Uruguay,2007,0.769,1
Uruguay,2008,0.773,1
Uruguay,2009,0.774,1
Uruguay,2010,0.779,1
Uruguay,2011,0.783,1
Uruguay,2012,0.787,1
Uruguay,2013,0.790,1
Uzbekistan,1980,NA,
Uzbekistan,1985,NA,
Uzbekistan,1990,NA,
Uzbekistan,2000,NA,
Uzbekistan,2005,0.626,
Uzbekistan,2006,0.630,
Uzbekistan,2007,0.635,
Uzbekistan,2008,0.643,
Uzbekistan,2009,0.645,
Uzbekistan,2010,0.648,
Uzbekistan,2011,0.653,
Uzbekistan,2012,0.657,
Uzbekistan,2013,0.661,
Vanuatu,1980,NA,
Vanuatu,1985,NA,
Vanuatu,1990,NA,
Vanuatu,2000,NA,
Vanuatu,2005,NA,
Vanuatu,2006,NA,
Vanuatu,2007,NA,
Vanuatu,2008,0.608,
Vanuatu,2009,0.616,
Vanuatu,2010,0.617,
Vanuatu,2011,0.618,
Vanuatu,2012,0.617,
Vanuatu,2013,0.616,
Venezuela,1980,0.639,1
Venezuela,1985,0.643,1
Venezuela,1990,0.644,1
Venezuela,2000,0.677,1
Venezuela,2005,0.716,1
Venezuela,2006,0.731,1
Venezuela,2007,0.748,1
Venezuela,2008,0.758,1
Venezuela,2009,0.757,1
Venezuela,2010,0.759,1
Venezuela,2011,0.761,1
Venezuela,2012,0.763,1
Venezuela,2013,0.764,1
Viet Nam,1980,0.463,
Viet Nam,1985,0.473,
Viet Nam,1990,0.476,
Viet Nam,2000,0.563,
Viet Nam,2005,0.598,
Viet Nam,2006,0.604,
Viet Nam,2007,0.611,
Viet Nam,2008,0.617,
Viet Nam,2009,0.622,
Viet Nam,2010,0.629,
Viet Nam,2011,0.632,
Viet Nam,2012,0.635,
Viet Nam,2013,0.638,
Yemen,1980,NA,
Yemen,1985,NA,
Yemen,1990,0.390,
Yemen,2000,0.427,
Yemen,2005,0.462,
Yemen,2006,0.465,
Yemen,2007,0.468,
Yemen,2008,0.471,
Yemen,2009,0.478,
Yemen,2010,0.484,
Yemen,2011,0.497,
Yemen,2012,0.499,
Yemen,2013,0.500,
Zambia,1980,0.422,
Zambia,1985,0.420,
Zambia,1990,0.407,
Zambia,2000,0.423,
Zambia,2005,0.471,
Zambia,2006,0.480,
Zambia,2007,0.486,
Zambia,2008,0.505,
Zambia,2009,0.526,
Zambia,2010,0.530,
Zambia,2011,0.543,
Zambia,2012,0.554,
Zambia,2013,0.561,
Zimbabwe,1980,0.437,
Zimbabwe,1985,0.517,
Zimbabwe,1990,0.488,
Zimbabwe,2000,0.428,
Zimbabwe,2005,0.412,
Zimbabwe,2006,0.417,
Zimbabwe,2007,0.424,
Zimbabwe,2008,0.422,
Zimbabwe,2009,0.439,
Zimbabwe,2010,0.459,
Zimbabwe,2011,0.473,
Zimbabwe,2012,0.484,
Zimbabwe,2013,0.492,